{"name":"cityofchicago_i7zz-iiza","title":"Libraries - 2018 Visitors by Location","description":"The Chicago Public Library consists of the Harold Washington Library Center, Sulzer and Woodson regional libraries...\n\nThe Chicago Public Library consists of the Harold Washington Library Center, Sulzer and Woodson regional libraries and over 70 neighborhood branches. Chicago Public Library consists of the Harold Washington Library Center, Sulzer and Woodson regional libraries and over 70 neighborhood branches. Many locations experience sporadic closures to perform facilities upgrade or emergency closures due to heating or air conditioning issues, or area power outages. Independence Branch closed due to a fire in 2015. Whitney Young has been closed since November 2017 for major renovations. Woodson Regional Library reopened after a major renovation in February 2018. * Count does not reflect the total building visitor count due to location of traffic counter. Community room and program traffic are not included in totals.\n\nSource: https://data.cityofchicago.org/d/i7zz-iiza  \nLast updated at https://data.cityofchicago.org/ : 2019-02-28","homepage":"https://data.world/cityofchicago/i7zz-iiza","license":"Other","resources":[{"name":"libraries_2018_visitors_by_location_1","schema":{"fields":[{"name":"location","title":"LOCATION","type":"string","rdfType":"http://www.w3.org/2001/XMLSchema#string","dwSourceId":"location"},{"name":"january","title":"JANUARY","type":"integer","rdfType":"http://www.w3.org/2001/XMLSchema#integer","dwSourceId":"january"},{"name":"february","title":"FEBRUARY","type":"integer","rdfType":"http://www.w3.org/2001/XMLSchema#integer","dwSourceId":"february"},{"name":"march","title":"MARCH","type":"integer","rdfType":"http://www.w3.org/2001/XMLSchema#integer","dwSourceId":"march"},{"name":"april","title":"APRIL","type":"integer","rdfType":"http://www.w3.org/2001/XMLSchema#integer","dwSourceId":"april"},{"name":"may","title":"MAY","type":"integer","rdfType":"http://www.w3.org/2001/XMLSchema#integer","dwSourceId":"may"},{"name":"june","title":"JUNE","type":"integer","rdfType":"http://www.w3.org/2001/XMLSchema#integer","dwSourceId":"june"},{"name":"july","title":"JULY","type":"integer","rdfType":"http://www.w3.org/2001/XMLSchema#integer","dwSourceId":"july"},{"name":"august","title":"AUGUST","type":"integer","rdfType":"http://www.w3.org/2001/XMLSchema#integer","dwSourceId":"august"},{"name":"september","title":"SEPTEMBER","type":"integer","rdfType":"http://www.w3.org/2001/XMLSchema#integer","dwSourceId":"september"},{"name":"october","title":"OCTOBER","type":"integer","rdfType":"http://www.w3.org/2001/XMLSchema#integer","dwSourceId":"october"},{"name":"november","title":"NOVEMBER","type":"integer","rdfType":"http://www.w3.org/2001/XMLSchema#integer","dwSourceId":"november"},{"name":"december","title":"DECEMBER","type":"string","rdfType":"http://www.w3.org/2001/XMLSchema#string","dwSourceId":"december"},{"name":"ytd","title":"YTD","type":"integer","rdfType":"http://www.w3.org/2001/XMLSchema#integer","dwSourceId":"ytd"}]},"path":"data/libraries_2018_visitors_by_location_1.csv","format":"csv"},{"name":"original/libraries-2018-visitors-by-location-1.csv","path":"original/libraries-2018-visitors-by-location-1.csv","format":"csv","mediatype":"text/csv","bytes":6114}],"keywords":["libraries","visitors"]}